sending_wallet,receiving_wallet,transaction_amount,coin_type,date_sent,time_sent,sending_wallet_source,receiving_wallet_source
16yJ7MQWTFNjsSvAJJMkjPpnJbAsGLYhW7,3FXA3M615dc6z9cF5U9GeUTbFjk8W2MacX,5.33248675,BTC,2018-09-25,17:31:22,Hacker DB,Blockchain.info
16yJ7MQWTFNjsSvAJJMkjPpnJbAsGLYhW7,1C4PMp3XN9rx24iTgUk5Xjv6rWkMA8WbxC,0.00111102,BTC,2018-09-19,22:31:54,Hacker DB,Blockchain.info
16yJ7MQWTFNjsSvAJJMkjPpnJbAsGLYhW7,16yJ7MQWTFNjsSvAJJMkjPpnJbAsGLYhW7,0.00790595,BTC,2018-09-19,22:31:54,Hacker DB,Blockchain.info
16yJ7MQWTFNjsSvAJJMkjPpnJbAsGLYhW7,14Y3bt76JyXB358Ts34An9SpiDjd7fxhwP,0.22144006,BTC,2018-09-19,19:52:34,Hacker DB,Blockchain.info
16yJ7MQWTFNjsSvAJJMkjPpnJbAsGLYhW7,16yJ7MQWTFNjsSvAJJMkjPpnJbAsGLYhW7,0.038,BTC,2018-09-19,19:52:34,Hacker DB,Blockchain.info
16yJ7MQWTFNjsSvAJJMkjPpnJbAsGLYhW7,bc1qm6cq9upwh5mugnhhrm5xs3ltu7p9en59dp5fa2,0.03240497,BTC,2018-09-19,13:15:26,Hacker DB,Blockchain.info
16yJ7MQWTFNjsSvAJJMkjPpnJbAsGLYhW7,16yJ7MQWTFNjsSvAJJMkjPpnJbAsGLYhW7,0.04653222,BTC,2018-09-19,13:15:26,Hacker DB,Blockchain.info
16yJ7MQWTFNjsSvAJJMkjPpnJbAsGLYhW7,1BGA4g2YoCC8mh5gZ7mwAyE2PHjLu7fCPt,0.04247792,BTC,2018-09-19,01:00:34,Hacker DB,Blockchain.info
16yJ7MQWTFNjsSvAJJMkjPpnJbAsGLYhW7,16yJ7MQWTFNjsSvAJJMkjPpnJbAsGLYhW7,0.04873734,BTC,2018-09-19,01:00:34,Hacker DB,Blockchain.info
16yJ7MQWTFNjsSvAJJMkjPpnJbAsGLYhW7,1BBrmKaLAsHM4DgdkQ8HuRjFEs67tQFumQ,0.11120177,BTC,2018-09-19,01:00:34,Hacker DB,Blockchain.info
16yJ7MQWTFNjsSvAJJMkjPpnJbAsGLYhW7,16Y9PC5FpiPuVwoCxjBWfFpjF18G6T7F8C,0.00560432,BTC,2018-09-19,00:40:37,Hacker DB,Blockchain.info
16yJ7MQWTFNjsSvAJJMkjPpnJbAsGLYhW7,16yJ7MQWTFNjsSvAJJMkjPpnJbAsGLYhW7,0.04878631,BTC,2018-09-19,00:40:37,Hacker DB,Blockchain.info
16yJ7MQWTFNjsSvAJJMkjPpnJbAsGLYhW7,16yJ7MQWTFNjsSvAJJMkjPpnJbAsGLYhW7,0.04792535,BTC,2018-09-19,00:06:37,Hacker DB,Blockchain.info
16yJ7MQWTFNjsSvAJJMkjPpnJbAsGLYhW7,355yDWVkMYwWwxXdmdyJXUBmkCEFfcYPv4,0.00203207,BTC,2018-09-19,00:06:37,Hacker DB,Blockchain.info
16yJ7MQWTFNjsSvAJJMkjPpnJbAsGLYhW7,14VnJjMPWLvvpQdePcLU9vxCaWY9z1eETG,0.05487848,BTC,2018-09-18,21:20:41,Hacker DB,Blockchain.info
16yJ7MQWTFNjsSvAJJMkjPpnJbAsGLYhW7,1RPpD79pVmY7PTUUp9nMjGpRjrp72cBow,0.052661,BTC,2018-09-18,21:20:41,Hacker DB,Blockchain.info
16yJ7MQWTFNjsSvAJJMkjPpnJbAsGLYhW7,35KVsfuvEmNu4tDpuU6g1idHmDhgpyiaTw,0.02,BTC,2018-09-18,21:20:41,Hacker DB,Blockchain.info
16yJ7MQWTFNjsSvAJJMkjPpnJbAsGLYhW7,16B3skPi9PHWcc8dY5k5hKvbyC4PnYeP7y,0.0451325,BTC,2018-09-18,21:20:41,Hacker DB,Blockchain.info
16yJ7MQWTFNjsSvAJJMkjPpnJbAsGLYhW7,35A98oP3DszKfaCRD7rZPLz4vVZp8p1ctF,0.02264755,BTC,2018-09-18,21:20:41,Hacker DB,Blockchain.info
16yJ7MQWTFNjsSvAJJMkjPpnJbAsGLYhW7,3HjoAj61BnCsCsrvrkznJ4NCryHwNNjqmb,20.0,BTC,2018-09-18,21:20:41,Hacker DB,Blockchain.info
16yJ7MQWTFNjsSvAJJMkjPpnJbAsGLYhW7,3McC3WJdnmzjmncRVHNyFxGxbUifUm7J4b,3.0,BTC,2018-09-18,21:20:41,Hacker DB,Blockchain.info
16yJ7MQWTFNjsSvAJJMkjPpnJbAsGLYhW7,1BTwDMGdDTqyzwKywBurQwFaRTopUZTHcp,0.02,BTC,2018-09-18,21:20:41,Hacker DB,Blockchain.info
16yJ7MQWTFNjsSvAJJMkjPpnJbAsGLYhW7,33fWGfsRbadjXqedjZgTTm4NxtZnrF7yM7,0.246501,BTC,2018-09-18,21:20:41,Hacker DB,Blockchain.info
16yJ7MQWTFNjsSvAJJMkjPpnJbAsGLYhW7,3ENAQw4A3CjbhmpnBXsGkM7X6XyvxcosDd,168.05264832,BTC,2018-09-18,21:20:41,Hacker DB,Blockchain.info
16yJ7MQWTFNjsSvAJJMkjPpnJbAsGLYhW7,16yJ7MQWTFNjsSvAJJMkjPpnJbAsGLYhW7,0.0451273,BTC,2018-09-18,21:20:41,Hacker DB,Blockchain.info
16yJ7MQWTFNjsSvAJJMkjPpnJbAsGLYhW7,32krNGsowab19AHBimau45h7T9qUCPQYFE,0.00440702,BTC,2018-09-18,21:20:41,Hacker DB,Blockchain.info
16yJ7MQWTFNjsSvAJJMkjPpnJbAsGLYhW7,3BV77AMWEajTqJt8VkhjWPSNAXvuunGQgS,0.0131979,BTC,2018-09-18,21:20:41,Hacker DB,Blockchain.info
16yJ7MQWTFNjsSvAJJMkjPpnJbAsGLYhW7,154CZG6vZUcXwC66kGtWFZgTTFErQGsqQ6,2.5,BTC,2018-09-18,21:20:41,Hacker DB,Blockchain.info
16yJ7MQWTFNjsSvAJJMkjPpnJbAsGLYhW7,3NyP3R9yFxhQM2FVbTvyYYNdJAhEGRTHdt,0.26460557,BTC,2018-09-18,21:20:41,Hacker DB,Blockchain.info
16yJ7MQWTFNjsSvAJJMkjPpnJbAsGLYhW7,34unYj46gw2eDhtKjwFAvPGrPSEdwxqSwk,0.00206794,BTC,2018-09-18,21:20:41,Hacker DB,Blockchain.info
16yJ7MQWTFNjsSvAJJMkjPpnJbAsGLYhW7,3MRR5XpukhSLmJjmR4Yef7at4QZNsd9YWN,0.00139103,BTC,2018-09-18,21:20:41,Hacker DB,Blockchain.info
16yJ7MQWTFNjsSvAJJMkjPpnJbAsGLYhW7,1FreaqnNrJb6MWoo7zwZApg5Me1v43dDGt,1.24436879,BTC,2018-09-18,21:20:41,Hacker DB,Blockchain.info
16yJ7MQWTFNjsSvAJJMkjPpnJbAsGLYhW7,3BMEX46UgQSW6ciDktXtkq147PiNWsaWcN,0.097056,BTC,2018-09-18,21:20:41,Hacker DB,Blockchain.info
16yJ7MQWTFNjsSvAJJMkjPpnJbAsGLYhW7,12m4hNoC28iQWg4EPEfWnXCp1n1GMBrB8r,0.0105583,BTC,2018-09-18,21:20:41,Hacker DB,Blockchain.info
16yJ7MQWTFNjsSvAJJMkjPpnJbAsGLYhW7,3CaxhVxKH1qunY5HyoJbb4yvCXsYFigc4U,0.001,BTC,2018-09-18,21:20:41,Hacker DB,Blockchain.info
16yJ7MQWTFNjsSvAJJMkjPpnJbAsGLYhW7,1K8ApJzukPNQwH5FsXfsvKAqfdHj8Y7QVG,0.1474327,BTC,2018-09-18,21:20:41,Hacker DB,Blockchain.info
16yJ7MQWTFNjsSvAJJMkjPpnJbAsGLYhW7,3DAktwE14swvNmjrXXMsKAweVGkLcAB6RZ,3.75724498,BTC,2018-09-18,21:20:41,Hacker DB,Blockchain.info
16yJ7MQWTFNjsSvAJJMkjPpnJbAsGLYhW7,18SXpTy9Hift81NK6QjCBP4AjLaoNStzvd,0.053231,BTC,2018-09-18,21:20:41,Hacker DB,Blockchain.info
16yJ7MQWTFNjsSvAJJMkjPpnJbAsGLYhW7,3Fq6ahjUmUYiS8FQiFg6huEWxBiwRg6B4c,0.3495,BTC,2018-09-18,21:20:41,Hacker DB,Blockchain.info
16yJ7MQWTFNjsSvAJJMkjPpnJbAsGLYhW7,1BAEqgKdTd7f5CEoA8xzArhHpBqvjr1NQ5,0.00327581,BTC,2018-09-18,21:20:41,Hacker DB,Blockchain.info
16yJ7MQWTFNjsSvAJJMkjPpnJbAsGLYhW7,36QYLbxBeDbPu9iqhHc5wF8oK4YEUUEjVq,0.08845,BTC,2018-09-18,21:20:41,Hacker DB,Blockchain.info
16yJ7MQWTFNjsSvAJJMkjPpnJbAsGLYhW7,17xdBaWznVhNMbqzGV4Dxb7MxWjc8knDKm,0.01935123,BTC,2018-09-18,21:20:41,Hacker DB,Blockchain.info
16yJ7MQWTFNjsSvAJJMkjPpnJbAsGLYhW7,1GYEmx4GkFLimjoib9RZqxcvjf4Jac1Brg,0.2,BTC,2018-09-18,21:20:41,Hacker DB,Blockchain.info
16yJ7MQWTFNjsSvAJJMkjPpnJbAsGLYhW7,18LXnaEnYBr8E1QoHFTTC6zkKfn6rHVVg3,0.02026637,BTC,2018-09-18,21:20:41,Hacker DB,Blockchain.info
16yJ7MQWTFNjsSvAJJMkjPpnJbAsGLYhW7,19Kd3HXrcKBCQb39yKjb7CATEJvXMvT55r,0.00238099,BTC,2018-09-18,21:20:41,Hacker DB,Blockchain.info
16yJ7MQWTFNjsSvAJJMkjPpnJbAsGLYhW7,3NSEd9UWDXaej4Bcsfi5fBUbfA8Bsxyvv8,6.000602,BTC,2018-09-18,21:20:41,Hacker DB,Blockchain.info
16yJ7MQWTFNjsSvAJJMkjPpnJbAsGLYhW7,3MXFfJwUDZD1ydQJs4rmLHzra9sVgmq9dT,0.057,BTC,2018-09-18,21:20:41,Hacker DB,Blockchain.info
16yJ7MQWTFNjsSvAJJMkjPpnJbAsGLYhW7,3DFqkpiQ4N467oHFZ1TpBiGjUzNFBqH4kJ,0.00274392,BTC,2018-09-18,21:20:41,Hacker DB,Blockchain.info
16yJ7MQWTFNjsSvAJJMkjPpnJbAsGLYhW7,11mVmiMSNttfQpFv2ZE6fNHGRRg5LTqDx,0.025217,BTC,2018-09-18,19:34:57,Hacker DB,Blockchain.info
16yJ7MQWTFNjsSvAJJMkjPpnJbAsGLYhW7,16yJ7MQWTFNjsSvAJJMkjPpnJbAsGLYhW7,0.04790832,BTC,2018-09-18,19:34:57,Hacker DB,Blockchain.info
16yJ7MQWTFNjsSvAJJMkjPpnJbAsGLYhW7,1HcAaCbD6CUhBMnrCUbRhwjSLCgP1EHMtw,0.00010766,BTC,2018-09-18,17:44:23,Hacker DB,Blockchain.info
16yJ7MQWTFNjsSvAJJMkjPpnJbAsGLYhW7,16yJ7MQWTFNjsSvAJJMkjPpnJbAsGLYhW7,0.04865277,BTC,2018-09-18,17:44:23,Hacker DB,Blockchain.info
16yJ7MQWTFNjsSvAJJMkjPpnJbAsGLYhW7,1HmgwBs2cd7cygCeDTCsxQdDXjLDnPvby3,0.00020068,BTC,2018-09-18,05:39:10,Hacker DB,Blockchain.info
16yJ7MQWTFNjsSvAJJMkjPpnJbAsGLYhW7,37wR6V6YNvsQpqnx3Ji2FTCmhW3taCMWQU,0.59338068,BTC,2018-09-18,05:39:10,Hacker DB,Blockchain.info
16yJ7MQWTFNjsSvAJJMkjPpnJbAsGLYhW7,16yJ7MQWTFNjsSvAJJMkjPpnJbAsGLYhW7,0.04533123,BTC,2018-09-17,21:47:59,Hacker DB,Blockchain.info
16yJ7MQWTFNjsSvAJJMkjPpnJbAsGLYhW7,1AjFvBB2pHyjhiVu4EUGGTELmfuhpVuLew,1.0839591,BTC,2018-09-17,21:47:59,Hacker DB,Blockchain.info
16yJ7MQWTFNjsSvAJJMkjPpnJbAsGLYhW7,16yJ7MQWTFNjsSvAJJMkjPpnJbAsGLYhW7,0.0493,BTC,2018-09-17,21:43:38,Hacker DB,Blockchain.info
16yJ7MQWTFNjsSvAJJMkjPpnJbAsGLYhW7,3PF6WnWf8bnQWLC65RqMLjCokJCwQGgPav,0.01086872,BTC,2018-09-17,21:43:38,Hacker DB,Blockchain.info
16yJ7MQWTFNjsSvAJJMkjPpnJbAsGLYhW7,16yJ7MQWTFNjsSvAJJMkjPpnJbAsGLYhW7,0.04630153,BTC,2018-09-17,20:33:13,Hacker DB,Blockchain.info
16yJ7MQWTFNjsSvAJJMkjPpnJbAsGLYhW7,bc1qsy5j2xprjfyt40cn5w5mgmtvhepwduj3vh6jjp,3.92347707,BTC,2018-09-17,20:33:13,Hacker DB,Blockchain.info
